modelo,accuracy,f1,recall,precision,rank_accuracy,rank_f1,rank_recall,rank_precision,overall_rank
RandomForest,0.9814814814814815,0.9828609096901779,0.9841269841269842,0.9824561403508771,1,1,1,1,4.0
ExtraTrees,0.9814814814814815,0.9828609096901779,0.9841269841269842,0.9824561403508771,1,1,1,1,4.0
Bagging_RandomForestBase,0.9814814814814815,0.9828609096901779,0.9841269841269842,0.9824561403508771,1,1,1,1,4.0
AdaBoost,0.9814814814814815,0.9828609096901779,0.9841269841269842,0.9824561403508771,1,1,1,1,4.0
GradientBoosting,0.8888888888888888,0.8934965290464012,0.8841269841269841,0.9125,5,5,5,5,20.0
